ID,CATEGORY
0,ham
1,ham
2,ham
4,ham
5,ham
6,ham
7,spam
8,ham
9,spam
11,ham
12,ham
14,spam
16,spam
21,ham
23,ham
25,ham
26,ham
27,ham
32,spam
34,ham
35,ham
37,ham
38,ham
41,ham
44,ham
47,ham
48,spam
50,ham
53,ham
54,spam
55,ham
56,ham
57,ham
58,ham
59,ham
61,ham
62,spam
63,ham
64,ham
65,ham
66,ham
67,spam
68,ham
70,ham
71,ham
73,ham
74,ham
77,spam
80,ham
82,ham
84,ham
85,ham
87,ham
89,ham
90,ham
92,ham
95,ham
98,spam
99,ham
101,ham
104,ham
107,spam
109,ham
110,ham
112,ham
113,ham
114,ham
115,ham
116,ham
118,ham
119,ham
120,ham
121,ham
122,ham
123,ham
125,ham
126,ham
131,ham
132,ham
133,spam
134,ham
136,ham
137,ham
138,spam
139,ham
140,spam
141,ham
142,spam
143,ham
144,spam
147,ham
148,ham
149,ham
150,ham
151,spam
155,ham
156,ham
157,spam
158,ham
159,ham
161,ham
163,ham
164,ham
167,ham
168,ham
169,ham
170,ham
171,spam
172,ham
177,ham
179,ham
180,spam
181,ham
182,spam
183,ham
188,ham
190,ham
192,ham
193,ham
194,ham
195,ham
196,spam
197,ham
198,ham
199,ham
201,ham
202,ham
203,spam
204,ham
206,ham
208,ham
210,ham
211,ham
212,ham
213,ham
214,ham
215,ham
218,spam
220,ham
221,ham
222,ham
224,ham
226,ham
228,ham
230,ham
231,ham
233,ham
235,ham
238,spam
240,ham
241,ham
244,ham
245,ham
246,ham
248,ham
249,spam
253,spam
254,ham
256,ham
257,ham
258,spam
259,ham
261,ham
263,ham
264,ham
265,ham
266,ham
268,ham
269,ham
272,ham
274,ham
275,ham
276,ham
277,ham
279,ham
281,ham
282,spam
284,ham
285,spam
286,ham
287,ham
288,ham
289,ham
291,spam
293,spam
294,ham
296,ham
298,ham
301,ham
304,ham
305,ham
306,ham
308,ham
309,ham
312,ham
317,spam
319,ham
322,ham
323,spam
325,ham
326,ham
327,ham
328,ham
331,spam
332,ham
334,ham
337,spam
338,spam
343,ham
344,spam
346,ham
348,ham
351,ham
352,ham
355,ham
356,ham
360,ham
361,ham
362,ham
364,spam
365,ham
366,ham
367,ham
368,spam
370,ham
372,ham
373,ham
374,spam
378,ham
379,ham
380,spam
381,ham
382,ham
383,ham
386,ham
388,ham
391,spam
392,ham
394,ham
395,ham
397,spam
398,ham
399,ham
401,ham
403,ham
404,ham
405,ham
406,ham
407,ham
409,ham
413,spam
414,ham
415,ham
420,spam
421,ham
422,ham
423,spam
426,ham
427,ham
429,ham
432,ham
433,ham
436,ham
437,spam
438,ham
440,ham
442,ham
443,spam
444,ham
446,ham
447,ham
448,ham
449,ham
450,ham
451,ham
452,ham
454,ham
455,ham
456,ham
458,ham
461,spam
462,ham
463,spam
465,ham
466,ham
468,ham
469,spam
471,ham
473,ham
475,ham
476,ham
478,ham
479,ham
480,ham
483,ham
486,ham
488,ham
489,ham
490,ham
491,ham
492,ham
493,ham
496,ham
497,ham
499,ham
501,ham
502,ham
503,spam
504,spam
505,ham
506,spam
508,ham
509,ham
510,ham
511,ham
513,ham
514,ham
517,ham
519,spam
521,ham
523,ham
524,spam
525,ham
526,ham
528,ham
530,spam
531,ham
533,ham
536,ham
537,spam
539,ham
540,ham
543,ham
544,ham
545,ham
546,ham
547,ham
548,ham
549,ham
550,ham
551,spam
553,ham
555,ham
556,ham
558,ham
560,ham
561,ham
563,ham
564,ham
565,ham
571,ham
572,ham
573,spam
575,ham
576,ham
577,ham
578,ham
579,ham
580,spam
584,ham
586,spam
588,spam
589,spam
590,ham
591,ham
592,ham
594,ham
595,ham
596,ham
597,ham
598,ham
599,ham
600,ham
601,ham
604,ham
605,ham
606,ham
607,spam
609,ham
610,spam
613,ham
617,ham
618,ham
619,ham
620,ham
622,ham
625,ham
626,ham
627,ham
628,spam
631,ham
632,spam
634,ham
636,ham
639,spam
641,ham
642,ham
643,ham
644,spam
645,ham
647,spam
648,ham
650,ham
652,ham
655,ham
656,spam
657,ham
659,ham
660,ham
662,ham
663,spam
665,spam
667,ham
668,ham
671,ham
672,spam
673,ham
676,ham
677,ham
679,ham
681,spam
682,spam
683,ham
684,ham
686,ham
687,ham
688,spam
691,ham
693,spam
694,spam
697,spam
698,ham
699,ham
702,ham
704,spam
705,ham
706,ham
707,ham
708,ham
709,ham
710,ham
711,ham
712,ham
713,ham
714,ham
715,ham
716,ham
717,spam
719,ham
720,ham
722,spam
723,spam
724,spam
727,ham
728,ham
732,ham
734,ham
735,ham
736,spam
739,ham
742,ham
743,ham
744,spam
745,ham
746,spam
747,spam
749,spam
751,ham
752,ham
754,ham
756,ham
757,spam
759,ham
760,ham
762,ham
763,ham
765,ham
766,ham
767,ham
768,ham
769,ham
770,ham
771,ham
772,ham
773,spam
774,spam
775,ham
776,ham
778,spam
780,ham
782,spam
783,spam
785,ham
786,spam
787,ham
788,ham
790,spam
791,spam
792,ham
793,spam
794,ham
795,ham
796,ham
798,ham
799,ham
800,ham
803,ham
804,ham
806,ham
807,ham
812,ham
813,ham
814,ham
815,ham
816,spam
821,ham
823,ham
824,ham
825,ham
826,ham
827,ham
828,spam
833,ham
834,ham
835,spam
836,ham
838,ham
839,spam
840,spam
841,ham
842,spam
843,spam
846,spam
847,ham
851,ham
852,ham
853,spam
854,spam
855,ham
856,spam
858,ham
859,ham
861,ham
863,ham
864,ham
865,ham
866,spam
868,spam
869,ham
871,ham
873,ham
875,ham
876,spam
877,spam
882,spam
883,ham
885,ham
887,ham
889,ham
893,ham
894,ham
895,ham
896,spam
897,ham
899,ham
901,spam
902,ham
904,ham
907,ham
908,spam
909,spam
910,ham
913,spam
914,spam
915,ham
916,ham
918,ham
919,spam
920,ham
922,ham
923,ham
924,spam
925,ham
926,ham
927,ham
928,ham
930,spam
931,ham
932,ham
933,ham
935,ham
936,ham
938,ham
942,ham
944,ham
945,ham
948,ham
951,ham
955,ham
956,ham
958,ham
962,ham
963,ham
964,ham
968,ham
973,ham
975,ham
976,ham
980,ham
982,ham
984,ham
985,spam
988,spam
989,ham
990,ham
992,ham
994,ham
996,ham
997,ham
998,ham
999,ham
1000,ham
1001,spam
1002,ham
1003,ham
1008,ham
1009,ham
1010,ham
1011,ham
1013,ham
1014,spam
1015,ham
1016,ham
1019,ham
1023,ham
1024,ham
1026,ham
1027,ham
1030,ham
1031,ham
1032,ham
1033,spam
1034,ham
1035,ham
1037,ham
1039,ham
1041,spam
1042,ham
1043,ham
1044,ham
1045,ham
1046,ham
1047,ham
1050,spam
1052,ham
1053,spam
1054,ham
1056,spam
1058,spam
1060,ham
1061,ham
1062,spam
1063,ham
1064,ham
1065,spam
1066,ham
1067,ham
1068,ham
1069,spam
1070,ham
1071,ham
1075,ham
1077,ham
1081,spam
1082,spam
1083,ham
1084,ham
1085,ham
1086,spam
1087,spam
1088,ham
1089,ham
1091,ham
1092,ham
1094,spam
1095,ham
1097,ham
1099,ham
1100,ham
1101,ham
1103,ham
1107,ham
1108,ham
1109,ham
1110,spam
1111,ham
1112,ham
1113,ham
1114,spam
1117,ham
1119,ham
1121,ham
1122,ham
1123,ham
1125,ham
1127,spam
1129,spam
1132,spam
1133,spam
1134,ham
1135,ham
1136,spam
1138,ham
1140,ham
1141,ham
1142,ham
1143,ham
1147,ham
1149,spam
1150,spam
1151,spam
1152,ham
1153,ham
1154,ham
1155,ham
1156,ham
1157,ham
1159,ham
1160,ham
1161,ham
1164,ham
1166,spam
1167,ham
1168,spam
1169,ham
1171,ham
1173,ham
1174,ham
1175,ham
1176,ham
1179,ham
1180,spam
1182,ham
1183,ham
1188,spam
1190,ham
1193,ham
1194,ham
1195,ham
1198,ham
1199,spam
1200,ham
1201,ham
1203,ham
1204,ham
1205,spam
1206,ham
1207,ham
1208,ham
1210,ham
1212,spam
1213,spam
1214,ham
1215,spam
1216,ham
1219,ham
1220,ham
1221,ham
1222,ham
1223,ham
1226,ham
1227,ham
1229,ham
1230,ham
1231,ham
1232,ham
1234,ham
1235,spam
1237,ham
1238,ham
1239,spam
1241,ham
1243,ham
1244,ham
1245,ham
1247,ham
1248,ham
1249,ham
1250,ham
1252,spam
1253,spam
1254,ham
1255,spam
1256,ham
1259,spam
1260,ham
1261,spam
1262,spam
1265,ham
1268,ham
1269,ham
1271,spam
1272,ham
1273,ham
1274,ham
1276,ham
1277,ham
1278,ham
1281,ham
1284,ham
1285,ham
1287,spam
1288,spam
1289,ham
1290,spam
1292,spam
1295,ham
1299,spam
1300,ham
1302,spam
1305,ham
1306,spam
1308,ham
1309,ham
1310,ham
1312,ham
1314,ham
1315,spam
1316,ham
1317,ham
1318,ham
1319,ham
1320,ham
1321,ham
1322,ham
1323,ham
1324,ham
1325,ham
1326,ham
1328,spam
1331,ham
1333,ham
1335,ham
1337,ham
1338,ham
1340,ham
1341,spam
1344,ham
1345,ham
1346,ham
1350,ham
1352,ham
1354,ham
1355,spam
1357,ham
1358,ham
1359,ham
1360,ham
1361,spam
1362,spam
1363,ham
1366,ham
1367,ham
1368,ham
1370,ham
1371,ham
1372,ham
1373,ham
1374,spam
1377,ham
1378,ham
1379,ham
1380,ham
1381,spam
1382,ham
1384,ham
1385,ham
1386,ham
1387,ham
1388,ham
1390,ham
1391,spam
1392,spam
1394,ham
1396,ham
1397,ham
1398,ham
1399,ham
1401,ham
1402,ham
1403,spam
1404,ham
1406,ham
1407,ham
1409,spam
1412,ham
1415,ham
1416,ham
1418,ham
1419,ham
1420,spam
1421,ham
1423,spam
1428,spam
1429,ham
1430,ham
1431,ham
1432,spam
1433,ham
1434,ham
1435,ham
1436,ham
1437,spam
1440,ham
1443,ham
1446,ham
1447,ham
1448,ham
1449,ham
1450,ham
1451,ham
1452,spam
1453,ham
1455,ham
1456,ham
1458,ham
1459,ham
1460,spam
1462,ham
1464,ham
1466,ham
1467,ham
1468,ham
1469,spam
1471,ham
1472,ham
1474,spam
1475,ham
1476,ham
1477,ham
1479,ham
1480,spam
1483,spam
1484,ham
1485,ham
1486,ham
1487,ham
1488,ham
1489,spam
1490,spam
1492,ham
1493,ham
1494,ham
1496,ham
1497,spam
1498,ham
1499,ham
1500,spam
1502,spam
1505,spam
1506,spam
1507,ham
1509,ham
1510,ham
1511,ham
1513,ham
1516,spam
1517,spam
1518,ham
1519,ham
1520,spam
1521,ham
1522,ham
1524,ham
1526,spam
1527,ham
1528,ham
1529,spam
1531,ham
1533,ham
1535,ham
1537,spam
1538,ham
1541,ham
1543,spam
1549,ham
1553,spam
1554,spam
1555,ham
1558,spam
1560,ham
1561,spam
1562,ham
1563,spam
1564,ham
1565,ham
1566,ham
1570,ham
1571,ham
1573,ham
1574,ham
1577,ham
1578,spam
1579,ham
1580,ham
1581,ham
1582,spam
1583,ham
1584,ham
1585,spam
1589,ham
1590,ham
1591,ham
1592,ham
1593,ham
1595,ham
1596,ham
1597,ham
1599,ham
1600,spam
1605,ham
1606,ham
1608,spam
1609,ham
1610,spam
1612,ham
1613,ham
1615,spam
1616,spam
1618,ham
1619,spam
1620,ham
1621,ham
1622,ham
1623,ham
1624,ham
1625,spam
1626,spam
1627,ham
1629,ham
1631,ham
1633,ham
1634,spam
1637,ham
1638,spam
1639,ham
1641,ham
1644,ham
1645,ham
1646,ham
1647,ham
1652,ham
1654,ham
1656,ham
1658,spam
1660,spam
1661,ham
1665,ham
1666,ham
1667,ham
1669,ham
1670,ham
1671,ham
1672,spam
1677,ham
1679,ham
1680,ham
1681,ham
1682,ham
1687,ham
1690,ham
1693,ham
1695,ham
1698,ham
1699,ham
1700,ham
1705,ham
1707,spam
1708,spam
1709,spam
1710,ham
1712,ham
1716,ham
1717,ham
1719,ham
1725,ham
1727,ham
1728,spam
1729,ham
1731,ham
1732,ham
1733,ham
1734,spam
1735,spam
1738,spam
1739,ham
1740,ham
1741,ham
1742,ham
1743,ham
1745,ham
1746,spam
1748,spam
1749,ham
1751,ham
1752,spam
1753,ham
1755,ham
1756,ham
1759,ham
1761,ham
1762,ham
1763,spam
1766,ham
1767,ham
1768,ham
1769,ham
1773,ham
1774,spam
1776,spam
1777,ham
1778,ham
1779,ham
1782,ham
1783,ham
1784,spam
1786,ham
1787,ham
1788,spam
1789,ham
1791,ham
1793,ham
1794,ham
1796,ham
1798,ham
1799,ham
1800,ham
1801,ham
1802,ham
1805,spam
1806,ham
1807,ham
1808,ham
1809,ham
1811,ham
1812,ham
1814,ham
1815,ham
1816,ham
1821,ham
1822,ham
1824,ham
1825,ham
1826,ham
1827,ham
1828,ham
1829,ham
1831,ham
1832,spam
1833,ham
1834,spam
1835,ham
1836,ham
1839,ham
1840,ham
1842,spam
1843,ham
1844,spam
1845,spam
1846,spam
1847,ham
1849,ham
1850,ham
1855,spam
1856,ham
1857,ham
1859,ham
1861,ham
1862,spam
1863,ham
1864,ham
1866,ham
1867,ham
1868,ham
1869,ham
1870,ham
1871,ham
1873,spam
1874,spam
1875,spam
1877,ham
1879,ham
1885,ham
1886,ham
1890,ham
1892,ham
1893,ham
1894,spam
1895,spam
1898,spam
1899,ham
1901,spam
1903,ham
1905,ham
1906,ham
1907,ham
1909,ham
1910,ham
1912,ham
1913,spam
1914,spam
1916,spam
1920,ham
1921,ham
1923,ham
1924,ham
1927,ham
1929,ham
1930,ham
1931,spam
1932,ham
1933,ham
1934,ham
1935,spam
1936,ham
1937,ham
1938,ham
1939,ham
1940,ham
1941,ham
1945,ham
1946,spam
1947,ham
1949,ham
1950,ham
1952,ham
1953,spam
1954,ham
1955,ham
1956,spam
1957,ham
1958,spam
1961,spam
1962,ham
1964,ham
1965,spam
1966,ham
1967,ham
1968,ham
1969,ham
1971,ham
1972,ham
1973,spam
1975,ham
1976,ham
1977,ham
1979,spam
1981,spam
1982,ham
1983,ham
1984,ham
1986,ham
1987,spam
1989,ham
1991,ham
1993,spam
1995,ham
1997,ham
1998,ham
1999,spam
2000,ham
2003,ham
2008,ham
2010,ham
2011,ham
2012,ham
2014,ham
2015,spam
2017,ham
2019,ham
2020,ham
2021,ham
2023,spam
2024,ham
2025,ham
2028,spam
2029,spam
2030,spam
2032,spam
2033,ham
2034,ham
2038,spam
2040,ham
2043,ham
2047,ham
2050,spam
2051,ham
2052,ham
2053,ham
2055,ham
2057,ham
2058,ham
2060,ham
2061,ham
2062,ham
2063,ham
2064,ham
2065,ham
2067,spam
2068,ham
2069,ham
2070,ham
2071,spam
2072,ham
2074,spam
2076,ham
2077,ham
2080,ham
2084,ham
2085,spam
2087,spam
2088,ham
2090,ham
2092,ham
2093,ham
2094,ham
2097,ham
2098,ham
2103,ham
2104,ham
2105,spam
2106,ham
2107,ham
2109,ham
2110,ham
2111,spam
2114,ham
2115,ham
2116,ham
2119,spam
2120,spam
2121,ham
2122,spam
2124,ham
2127,ham
2128,ham
2130,ham
2131,ham
2133,ham
2134,ham
2136,ham
2138,spam
2140,ham
2142,ham
2145,ham
2146,spam
2147,ham
2148,ham
2149,ham
2150,ham
2152,ham
2153,ham
2156,ham
2158,ham
2161,spam
2162,ham
2163,ham
2164,ham
2166,ham
2167,ham
2169,spam
2170,ham
2171,ham
2172,ham
2173,ham
2174,ham
2175,ham
2176,ham
2177,ham
2178,ham
2179,ham
2181,ham
2183,ham
2185,spam
2186,ham
2187,ham
2188,ham
2191,ham
2192,spam
2193,ham
2194,ham
2195,ham
2196,spam
2197,ham
2199,ham
2200,ham
2201,spam
2202,ham
2203,ham
2207,ham
2209,ham
2210,ham
2211,ham
2213,ham
2214,ham
2216,ham
2219,spam
2220,spam
2221,spam
2223,ham
2226,ham
2228,ham
2229,ham
2230,spam
2232,ham
2233,ham
2234,ham
2235,ham
2236,ham
2238,ham
2240,ham
2242,ham
2244,ham
2245,ham
2246,ham
2247,ham
2248,ham
2250,ham
2251,ham
2252,ham
2253,ham
2255,ham
2261,ham
2264,spam
2265,ham
2267,spam
2268,spam
2269,ham
2270,ham
2272,ham
2273,spam
2275,ham
2276,ham
2277,spam
2278,ham
2279,spam
2280,ham
2281,ham
2282,ham
2283,ham
2284,spam
2286,ham
2287,ham
2289,spam
2290,ham
2291,ham
2292,spam
2293,spam
2294,ham
2295,ham
2296,spam
2297,spam
2299,ham
2300,ham
2301,ham
2303,spam
2304,spam
2306,spam
2307,ham
2308,ham
2309,ham
2310,spam
2311,ham
2312,ham
2313,ham
2314,spam
2315,ham
2316,ham
2317,ham
2320,ham
2322,ham
2323,ham
2324,spam
2325,ham
2327,spam
2330,ham
2331,ham
2333,spam
2334,ham
2335,spam
2338,ham
2339,ham
2342,spam
2343,spam
2345,ham
2346,spam
2348,ham
2353,ham
2354,ham
2355,ham
2356,ham
2357,ham
2359,ham
2361,ham
2362,spam
2366,ham
2367,ham
2369,ham
2370,ham
2371,spam
2373,ham
2374,ham
2375,ham
2377,ham
2378,ham
2379,spam
2380,ham
2381,ham
2385,spam
2386,spam
2388,ham
2389,spam
2390,spam
2392,spam
2393,spam
2395,ham
2396,ham
2400,ham
2401,ham
2402,spam
2404,ham
2407,ham
2408,ham
2410,ham
2412,spam
2414,ham
2416,spam
2417,ham
2418,spam
2419,ham
2420,ham
2421,ham
2422,ham
2424,ham
2428,ham
2429,spam
2431,ham
2432,ham
2434,ham
2438,ham
2439,spam
2441,ham
2444,spam
2447,ham
2448,ham
2449,ham
2450,spam
2451,spam
2453,spam
2454,spam
2455,ham
2456,spam
2457,ham
2458,ham
2460,ham
2463,ham
2466,ham
2467,spam
2468,ham
2469,ham
2470,ham
2472,ham
2473,ham
2474,spam
2475,spam
2476,ham
2480,ham
2481,ham
2482,ham
2484,ham
2486,ham
2487,ham
2488,ham
2489,ham
2491,ham
2494,ham
2495,ham
2496,ham
2498,ham
2499,ham
2500,ham
2502,spam
2504,ham
2505,spam
2506,ham
2507,ham
2508,ham
2509,ham
2513,spam
2514,ham
2515,ham
2517,ham
2518,ham
2520,ham
2521,ham
2522,spam
2524,spam
2526,ham
2527,ham
2528,ham
2530,ham
2531,spam
2532,ham
2534,spam
2536,ham
2537,ham
2538,ham
2540,ham
2542,spam
2543,spam
2544,ham
2545,ham
2546,ham
2547,ham
2548,ham
2549,spam
2551,ham
2552,spam
2553,ham
2554,ham
2555,ham
2556,ham
2557,ham
2558,ham
2559,ham
2560,ham
2562,ham
2563,spam
2564,ham
2565,ham
2567,ham
2569,spam
2570,ham
2571,ham
2572,ham
2573,ham
2574,ham
2576,spam
2577,ham
2578,spam
2580,ham
2581,spam
2582,ham
2584,ham
2585,spam
2586,ham
2589,spam
2590,ham
2591,ham
2592,ham
2594,ham
2597,ham
2598,ham
2599,spam
2600,ham
2602,ham
2603,ham
2604,ham
2605,ham
2606,ham
2607,ham
2608,spam
2609,ham
2610,ham
2611,spam
2612,ham
2613,spam
2614,ham
2615,ham
2616,spam
2617,spam
2619,ham
2621,spam
2622,ham
2625,ham
2626,ham
2627,spam
2628,spam
2629,ham
2630,ham
2631,ham
2632,ham
2633,ham
2634,ham
2635,spam
2636,ham
2638,ham
2639,spam
2641,ham
2643,ham
2645,ham
2648,ham
2650,ham
2651,spam
2652,spam
2653,ham
2654,ham
2658,spam
2659,ham
2660,ham
2661,ham
2663,spam
2665,ham
2666,spam
2667,ham
2669,ham
2670,ham
2672,spam
2673,ham
2674,ham
2676,ham
2677,ham
2679,ham
2680,ham
2681,spam
2682,spam
2683,ham
2684,ham
2685,spam
2686,ham
2687,ham
2688,spam
2690,ham
2692,ham
2693,spam
2694,spam
2695,ham
2698,ham
2699,spam
2701,ham
2702,ham
2703,ham
2704,ham
2705,ham
2706,spam
2707,spam
2708,ham
2710,spam
2711,spam
2712,spam
2713,spam
2714,ham
2715,ham
2717,ham
2718,ham
2719,spam
2720,ham
2721,spam
2723,ham
2724,ham
2725,ham
2726,ham
2727,ham
2728,ham
2729,ham
2733,ham
2734,ham
2735,spam
2737,ham
2738,ham
2741,ham
2743,spam
2744,ham
2746,ham
2747,spam
2749,ham
2751,spam
2752,ham
2753,ham
2756,ham
2757,ham
2760,ham
2761,ham
2763,spam
2766,ham
2767,ham
2768,ham
2769,ham
2770,ham
2774,ham
2775,spam
2776,spam
2779,ham
2780,ham
2783,spam
2784,ham
2787,spam
2790,ham
2791,spam
2792,spam
2793,ham
2794,ham
2795,ham
2797,ham
2800,ham
2804,ham
2805,ham
2806,spam
2807,ham
2808,ham
2810,ham
2811,ham
2812,ham
2813,spam
2814,spam
2815,ham
2816,ham
2817,ham
2818,ham
2820,ham
2822,spam
2824,ham
2825,ham
2826,ham
2829,ham
2830,ham
2831,ham
2832,ham
2834,ham
2835,spam
2836,ham
2838,spam
2840,spam
2841,ham
2842,spam
2843,ham
2844,ham
2845,spam
2847,ham
2848,ham
2849,ham
2851,ham
2852,spam
2854,ham
2855,spam
2858,spam
2859,ham
2860,ham
2861,ham
2862,spam
2863,ham
2864,ham
2865,ham
2866,ham
2867,ham
2868,ham
2871,ham
2872,spam
2873,ham
2874,ham
2875,ham
2876,spam
2877,ham
2878,ham
2880,ham
2881,ham
2882,spam
2884,spam
2887,ham
2888,ham
2890,spam
2892,ham
2896,spam
2898,spam
2899,spam
2903,ham
2906,spam
2907,ham
2909,ham
2910,ham
2911,ham
2912,spam
2913,ham
2914,ham
2915,ham
2916,spam
2918,ham
2919,spam
2922,ham
2924,ham
2925,ham
2926,ham
2930,ham
2931,ham
2933,ham
2934,ham
2935,ham
2936,ham
2938,ham
2939,ham
2940,ham
2943,ham
2944,spam
2947,ham
2948,ham
2949,ham
2950,ham
2951,spam
2953,spam
2954,ham
2955,ham
2956,spam
2957,ham
2958,ham
2959,ham
2961,ham
2962,ham
2964,ham
2965,ham
2966,ham
2967,spam
2968,ham
2971,ham
2976,ham
2977,ham
2978,ham
2982,ham
2983,spam
2984,ham
2986,ham
2987,ham
2988,ham
2991,ham
2992,ham
2993,ham
2994,ham
2995,ham
2997,ham
2998,ham
2999,spam
3000,ham
3002,spam
3003,spam
3004,ham
3006,ham
3007,ham
3009,spam
3012,ham
3013,ham
3014,spam
3016,ham
3017,ham
3018,spam
3021,spam
3023,ham
3026,ham
3027,spam
3028,spam
3029,spam
3030,ham
3031,ham
3033,ham
3034,ham
3036,ham
3038,spam
3039,ham
3041,ham
3043,ham
3044,ham
3048,spam
3049,ham
3050,ham
3053,ham
3055,ham
3056,spam
3057,ham
3060,ham
3062,spam
3064,ham
3066,ham
3067,spam
3068,ham
3071,ham
3073,ham
3074,spam
3077,ham
3079,ham
3081,ham
3082,ham
3084,ham
3085,ham
3086,spam
3087,ham
3090,ham
3092,ham
3093,ham
3094,ham
3097,ham
3099,ham
3100,ham
3101,spam
3102,spam
3103,ham
3104,spam
3105,spam
3106,spam
3107,ham
3109,spam
3110,ham
3111,ham
3112,spam
3113,ham
3114,ham
3115,ham
3116,ham
3117,ham
3120,spam
3122,ham
3123,spam
3124,ham
3125,ham
3126,ham
3128,ham
3130,ham
3136,spam
3137,ham
3138,ham
3140,spam
3141,ham
3142,ham
3143,spam
3145,ham
3147,ham
3148,ham
3149,spam
3150,ham
3151,ham
3152,ham
3154,ham
3160,spam
3162,ham
3165,spam
3166,spam
3168,ham
3169,ham
3170,ham
3171,ham
3173,spam
3175,ham
3176,spam
3177,ham
3178,ham
3180,ham
3182,ham
3183,ham
3184,spam
3185,spam
3186,ham
3189,spam
3192,spam
3194,ham
3195,spam
3196,ham
3199,ham
3200,ham
3201,ham
3202,ham
3204,spam
3206,ham
3208,ham
3209,ham
3211,ham
3214,ham
3215,ham
3216,ham
3217,spam
3220,spam
3222,spam
3225,ham
3226,ham
3227,ham
3228,ham
3229,ham
3231,ham
3232,ham
3233,ham
3234,ham
3235,spam
3236,spam
3237,spam
3238,spam
3240,ham
3241,ham
3243,ham
3244,ham
3246,ham
3247,ham
3248,ham
3249,ham
3250,ham
3251,ham
3252,ham
3253,spam
3254,spam
3255,ham
3256,ham
3258,spam
3259,spam
3260,ham
3261,ham
3262,ham
3263,ham
3265,ham
3266,ham
3268,ham
3269,spam
3271,ham
3272,ham
3273,ham
3274,ham
3275,ham
3276,ham
3277,spam
3278,ham
3279,ham
3280,ham
3281,ham
3283,ham
3287,spam
3288,spam
3289,ham
3290,ham
3291,ham
3292,spam
3293,ham
3294,ham
3295,spam
3296,spam
3297,spam
3298,ham
3301,spam
3304,ham
3309,ham
3310,ham
3311,ham
3312,spam
3316,ham
3318,ham
3320,ham
3321,ham
3322,ham
3323,ham
3324,spam
3325,ham
3326,ham
3327,ham
3328,ham
3329,ham
3334,spam
3335,ham
3336,spam
3339,ham
3340,ham
3342,ham
3343,spam
3344,ham
3345,spam
3348,ham
3349,ham
3351,ham
3354,ham
3356,ham
3361,ham
3362,ham
3364,ham
3365,ham
3366,ham
3367,ham
3369,ham
3372,ham
3373,ham
3374,spam
3375,spam
3378,ham
3379,ham
3380,ham
3381,ham
3382,ham
3383,ham
3385,ham
3386,ham
3387,ham
3388,spam
3389,spam
3390,ham
3391,ham
3392,ham
3394,ham
3395,ham
3396,spam
3397,ham
3398,ham
3399,ham
3402,ham
3404,ham
3406,ham
3408,spam
3410,ham
3411,spam
3412,ham
3413,spam
3414,ham
3416,ham
3417,spam
3418,ham
3419,ham
3420,ham
3423,spam
3425,ham
3426,ham
3428,ham
3429,spam
3431,ham
3432,ham
3434,spam
3439,ham
3440,ham
3442,ham
3444,ham
3446,ham
3447,ham
3448,ham
3449,ham
3451,ham
3452,ham
3456,ham
3457,ham
3461,ham
3464,ham
3465,ham
3466,spam
3468,ham
3469,ham
3470,ham
3471,ham
3477,ham
3478,spam
3479,ham
3482,ham
3484,spam
3486,ham
3487,ham
3488,ham
3490,ham
3491,ham
3492,ham
3493,ham
3497,ham
3498,ham
3500,ham
3503,ham
3505,spam
3506,spam
3508,ham
3511,ham
3512,ham
3513,ham
3514,ham
3515,spam
3517,ham
3519,spam
3521,spam
3522,ham
3525,ham
3526,ham
3527,ham
3529,ham
3531,spam
3534,ham
3535,spam
3537,ham
3539,ham
3540,ham
3541,ham
3542,spam
3543,ham
3544,ham
3545,spam
3546,ham
3547,ham
3548,spam
3549,ham
3550,spam
3551,ham
3552,ham
3555,ham
3556,ham
3557,ham
3559,spam
3560,spam
3561,ham
3562,ham
3563,ham
3564,ham
3565,ham
3566,ham
3567,spam
3568,ham
3569,ham
3570,spam
3571,ham
3572,ham
3573,ham
3575,ham
3576,ham
3577,ham
3578,ham
3579,ham
3580,ham
3581,ham
3582,ham
3583,spam
3585,ham
3586,ham
3587,ham
3589,ham
3590,ham
3592,ham
3595,ham
3596,ham
3597,ham
3598,ham
3599,ham
3600,ham
3602,spam
3603,ham
3605,ham
3607,ham
3608,ham
3609,ham
3611,ham
3612,spam
3613,spam
3615,ham
3617,ham
3618,ham
3621,ham
3622,spam
3623,ham
3624,spam
3625,ham
3626,ham
3627,ham
3629,ham
3631,ham
3633,spam
3635,ham
3636,ham
3638,ham
3639,ham
3641,ham
3642,ham
3643,spam
3644,spam
3645,spam
3646,ham
3647,spam
3648,ham
3649,ham
3650,spam
3651,ham
3652,ham
3654,ham
3655,ham
3658,ham
3660,ham
3661,ham
3662,ham
3664,ham
3668,spam
3669,ham
3671,ham
3672,ham
3673,ham
3674,spam
3678,ham
3679,spam
3680,spam
3682,spam
3684,ham
3685,ham
3687,ham
3690,ham
3692,ham
3695,spam
3696,ham
3697,ham
3698,ham
3700,ham
3702,ham
3705,spam
3706,spam
3707,ham
3708,spam
3709,ham
3713,ham
3715,ham
3716,ham
3717,ham
3720,ham
3721,ham
3722,ham
3724,spam
3725,ham
3726,spam
3727,ham
3728,ham
3729,ham
3730,spam
3732,spam
3733,spam
3736,ham
3737,ham
3741,ham
3743,spam
3744,ham
3746,spam
3747,ham
3749,ham
3751,spam
3752,ham
3755,ham
3756,ham
3757,ham
3758,ham
3759,ham
3760,spam
3761,ham
3765,ham
3766,ham
3767,ham
3768,ham
3769,ham
3770,ham
3772,spam
3773,ham
3774,spam
3775,ham
3776,spam
3777,ham
3779,spam
3780,ham
3781,ham
3782,ham
3783,ham
3784,ham
3785,ham
3788,ham
3789,ham
3790,ham
3791,ham
3795,ham
3796,spam
3798,ham
3799,ham
3801,ham
3802,spam
3803,ham
3805,ham
3806,spam
3807,ham
3809,ham
3810,ham
3811,ham
3812,ham
3814,ham
3815,ham
3817,ham
3818,spam
3819,spam
3820,spam
3822,ham
3823,spam
3825,ham
3827,ham
3828,ham
3829,ham
3830,spam
3831,ham
3832,ham
3833,ham
3834,ham
3835,ham
3836,ham
3838,ham
3839,ham
3841,ham
3843,spam
3845,ham
3846,ham
3847,ham
3848,ham
3849,ham
3850,spam
3851,spam
3855,ham
3857,spam
3858,spam
3859,ham
3860,ham
3861,ham
3862,ham
3864,ham
3867,ham
3868,ham
3869,spam
3871,ham
3872,ham
3873,spam
3874,ham
3875,ham
3876,ham
3877,ham
3878,ham
3881,ham
3883,ham
3884,ham
3887,ham
3890,spam
3891,ham
3892,ham
3894,ham
3895,spam
3896,ham
3898,spam
3899,ham
3900,spam
3902,ham
3903,ham
3905,ham
3906,ham
3907,ham
3909,ham
3910,ham
3911,ham
3913,ham
3915,ham
3917,ham
3920,ham
3922,ham
3924,ham
3925,ham
3927,ham
3929,ham
3931,ham
3935,ham
3936,ham
3938,ham
3939,ham
3940,spam
3943,ham
3944,ham
3951,ham
3952,spam
3953,ham
3955,ham
3956,ham
3961,ham
3965,ham
3967,ham
3968,spam
3969,spam
3970,spam
3971,ham
3973,ham
3975,ham
3977,spam
3978,ham
3979,ham
3980,spam
3981,ham
3983,ham
3985,ham
3987,ham
3991,spam
3992,ham
3993,ham
3994,ham
3995,ham
3996,ham
3997,spam
3998,ham
3999,ham
4001,ham
4002,ham
4003,ham
4007,ham
4008,ham
4009,ham
4011,ham
4013,ham
4014,ham
4015,spam
4017,ham
4018,spam
4019,ham
4021,ham
4022,spam
4024,ham
4025,spam
4027,ham
4028,ham
4030,ham
4031,spam
4033,ham
4034,ham
4035,spam
4036,ham
4037,ham
4040,ham
4042,ham
4043,ham
4045,spam
4047,ham
4048,spam
4049,ham
4051,spam
4052,ham
4054,ham
4056,ham
4057,spam
4058,ham
4061,ham
4062,ham
4063,ham
4064,ham
4066,ham
4067,ham
4069,spam
4070,ham
4071,ham
4072,ham
4073,ham
4075,ham
4077,ham
4079,spam
4080,spam
4082,ham
4084,spam
4087,ham
4088,ham
4090,ham
4092,ham
4093,ham
4095,spam
4098,spam
4099,spam
4101,spam
4102,ham
4106,spam
4107,ham
4109,ham
4110,ham
4111,spam
4112,ham
4114,ham
4116,spam
4117,ham
4119,spam
4120,spam
4121,spam
4122,ham
4124,ham
4125,ham
4128,ham
4131,ham
4134,ham
4136,ham
4138,ham
4139,spam
4141,ham
4142,ham
4143,ham
4145,ham
4147,spam
4149,ham
4150,ham
4153,spam
4154,ham
4156,ham
4157,ham
4159,spam
4163,ham
4164,ham
4168,ham
4170,ham
4171,ham
4172,ham
4174,spam
4175,ham
4176,ham
4180,ham
4182,ham
4183,ham
4184,ham
4185,ham
4186,ham
4188,ham
4189,ham
4190,ham
4191,ham
4192,ham
4193,ham
4194,ham
4195,ham
4196,ham
4197,ham
4199,ham
4200,ham
4201,ham
4202,ham
4206,ham
4207,spam
4208,spam
4209,spam
4211,ham
4212,ham
4214,ham
4215,ham
4217,ham
4218,ham
4219,ham
4220,ham
4222,ham
4223,ham
4224,ham
4225,ham
4227,ham
4231,ham
4232,ham
4235,spam
4236,spam
4237,ham
4238,ham
4239,spam
4240,ham
4241,ham
4242,ham
4243,ham
4245,ham
4248,ham
4249,ham
4250,spam
4251,ham
4252,ham
4253,spam
4255,ham
4256,ham
4257,spam
4260,spam
4262,ham
4263,ham
4265,spam
4267,spam
4268,spam
4269,ham
4270,ham
4271,ham
4272,ham
4273,ham
4275,spam
4276,spam
4277,ham
4278,spam
4279,ham
4280,ham
4283,spam
4284,spam
4285,ham
4286,ham
4291,ham
4292,spam
4293,spam
4294,ham
4295,ham
4298,spam
4299,ham
4300,ham
4303,ham
4305,ham
4306,ham
4308,ham
4310,ham
4311,ham
4312,spam
4315,ham
4316,spam
4317,spam
4318,ham
4319,ham
4320,ham
4321,ham
4324,spam
4329,spam
4330,ham
4332,ham
4333,ham
4334,ham
4335,spam
4336,ham
4337,spam
4338,ham
4339,ham
4344,spam
4348,ham
4350,spam
4352,ham
4353,ham
4354,ham
4357,spam
4358,ham
4359,ham
4360,ham
4361,ham
4362,ham
4364,ham
4365,ham
4366,spam
4367,ham
4368,ham
4370,ham
4371,ham
4372,ham
4374,ham
4376,spam
4377,ham
4379,spam
4380,ham
4381,ham
4382,ham
4383,ham
4384,ham
4387,spam
4389,spam
4390,spam
4391,ham
4392,spam
4393,ham
4394,ham
4395,ham
4398,spam
4399,ham
4400,spam
4401,ham
4402,spam
4403,spam
4404,ham
4405,ham
4407,ham
4408,spam
4411,ham
4412,ham
4414,ham
4415,ham
4416,ham
4418,ham
4420,ham
4423,ham
4424,ham
4427,ham
4428,ham
4431,spam
4435,ham
4436,ham
4438,ham
4440,spam
4441,ham
4442,ham
4444,ham
4445,spam
4446,spam
4447,ham
4448,ham
4450,ham
4451,spam
4452,ham
4453,spam
4454,ham
4455,ham
4457,ham
4458,ham
4459,ham
4462,ham
4463,ham
4464,ham
4466,ham
4469,ham
4471,ham
4473,ham
4474,ham
4475,ham
4479,ham
4480,ham
4481,spam
4482,ham
4483,ham
4485,ham
4486,ham
4487,ham
4488,ham
4489,ham
4490,ham
4492,ham
4493,spam
4496,ham
4498,ham
4500,spam
4501,ham
4502,ham
4504,spam
4505,ham
4506,ham
4508,ham
4511,ham
4513,ham
4516,ham
4517,ham
4518,ham
4520,ham
4523,ham
4527,ham
4530,ham
4531,ham
4532,ham
4535,ham
4536,spam
4537,ham
4539,ham
4540,ham
4542,ham
4543,ham
4544,spam
4549,ham
4550,ham
4551,ham
4552,ham
4554,ham
4555,ham
4556,ham
4557,ham
4558,ham
4563,spam
4564,ham
4565,ham
4567,ham
4568,ham
4569,ham
4570,ham
4572,ham
4574,ham
4575,ham
4576,ham
4577,ham
4578,ham
4579,ham
4581,ham
4582,spam
4584,ham
4586,ham
4588,ham
4589,ham
4590,spam
4591,ham
4592,ham
4593,spam
4595,ham
4596,ham
4597,spam
4599,spam
4601,ham
4603,ham
4604,ham
4605,ham
4607,ham
4608,ham
4609,ham
4612,ham
4613,ham
4614,ham
4616,ham
4617,ham
4618,ham
4621,spam
4622,spam
4625,ham
4627,ham
4629,ham
4631,spam
4632,ham
4633,ham
4634,ham
4637,spam
4641,spam
4642,ham
4645,ham
4646,ham
4647,ham
4650,spam
4651,ham
4653,spam
4654,ham
4658,ham
4659,ham
4660,ham
4661,ham
4662,ham
4663,ham
4664,spam
4667,ham
4668,ham
4669,ham
4671,ham
4672,ham
4674,spam
4676,ham
4679,ham
4680,ham
4681,spam
4682,spam
4683,ham
4686,spam
4689,ham
4691,ham
4692,ham
4693,ham
4694,spam
4695,ham
4696,ham
4697,ham
4699,ham
4700,ham
4701,spam
4703,ham
4704,spam
4705,ham
4706,spam
4708,ham
4709,ham
4710,ham
4711,ham
4713,ham
4714,ham
4717,spam
4719,spam
4721,ham
4723,ham
4729,ham
4730,spam
4732,ham
4735,ham
4736,spam
4738,ham
4739,ham
4740,ham
4743,ham
4744,spam
4745,spam
4746,ham
4747,ham
4748,ham
4749,ham
4750,ham
4751,ham
4753,ham
4756,ham
4759,spam
4760,spam
4762,ham
4763,ham
4765,ham
4766,spam
4767,ham
4769,ham
4770,ham
4775,ham
4777,ham
4778,spam
4779,ham
4780,ham
4782,ham
4783,ham
4784,ham
4786,ham
4787,ham
4788,ham
4790,ham
4791,ham
4792,spam
4797,spam
4798,ham
4799,ham
4801,ham
4802,ham
4803,ham
4804,ham
4807,ham
4808,ham
4810,ham
4811,ham
4812,spam
4813,spam
4814,ham
4815,ham
4816,ham
4818,ham
4820,ham
4823,ham
4824,ham
4825,ham
4826,spam
4827,ham
4828,ham
4829,spam
4831,ham
4832,ham
4834,ham
4835,ham
4837,spam
4839,ham
4840,ham
4841,ham
4842,ham
4844,ham
4847,ham
4848,ham
4849,ham
4851,ham
4853,ham
4856,ham
4857,ham
4860,ham
4862,ham
4863,ham
4864,ham
4866,spam
4867,ham
4868,ham
4870,spam
4871,ham
4873,spam
4876,ham
4879,spam
4881,ham
4882,spam
4883,spam
4885,ham
4887,ham
4889,ham
4890,ham
4892,ham
4893,ham
4894,ham
4896,ham
4897,spam
4898,spam
4899,ham
4903,ham
4904,ham
4905,spam
4906,ham
4907,ham
4909,ham
4911,spam
4912,ham
4913,ham
4914,ham
4916,ham
4917,spam
4920,ham
4922,ham
4925,ham
4926,ham
4927,ham
4928,spam
4929,ham
4930,ham
4931,ham
4933,ham
4935,ham
4936,ham
4938,spam
4939,ham
4940,spam
4941,spam
4942,ham
4943,ham
4944,ham
4945,ham
4946,ham
4947,spam
4948,ham
4949,ham
4950,ham
4952,ham
4953,ham
4954,ham
4955,ham
4958,spam
4959,ham
4964,ham
4967,ham
4969,ham
4970,spam
4971,ham
4973,ham
4974,ham
4975,ham
4976,ham
4978,ham
4980,ham
4984,ham
4985,ham
4986,ham
4987,spam
4988,ham
4989,ham
4990,ham
4992,ham
4993,ham
4994,ham
4995,ham
4996,ham
4997,ham
4998,ham
4999,ham
5001,ham
5003,ham
5005,ham
5006,ham
5007,ham
5009,ham
5010,ham
5013,ham
5014,ham
5015,ham
5016,ham
5020,spam
5021,spam
5022,spam
5025,ham
5027,spam
5028,ham
5029,ham
5031,ham
5033,ham
5037,ham
5038,spam
5039,spam
5040,ham
5041,spam
5043,ham
5044,spam
5047,ham
5049,ham
5051,ham
5052,ham
5053,ham
5054,spam
5056,ham
5057,ham
5058,ham
5059,ham
5061,ham
5062,ham
5067,spam
5068,ham
5069,ham
5070,ham
5071,spam
5072,ham
5073,ham
5074,ham
5075,ham
5076,ham
5078,ham
5079,ham
5080,spam
5082,ham
5083,ham
5084,spam
5086,ham
5087,ham
5088,ham
5089,ham
5091,ham
5094,ham
5095,ham
5096,ham
5097,ham
5098,ham
5099,ham
5100,spam
5101,spam
5102,ham
5103,ham
5104,ham
5105,ham
5108,ham
5109,spam
5110,ham
5111,ham
5112,spam
5114,ham
5116,ham
5118,ham
5119,ham
5120,ham
5121,ham
5122,ham
5123,ham
5125,ham
5126,ham
5128,ham
5129,spam
5133,ham
5134,spam
5135,ham
5137,ham
5139,ham
5140,ham
5144,ham
5148,ham
5149,ham
5150,ham
5151,ham
5152,spam
5153,spam
5155,ham
5156,ham
5158,ham
5160,ham
5161,ham
5162,ham
5164,ham
5165,ham
5166,ham
5167,spam
5170,ham
5171,ham
5173,ham
5176,ham
5177,spam
5178,ham
5183,ham
5184,ham
5185,spam
5186,spam
5187,ham
5188,ham
5189,spam
5191,ham
5192,ham
5195,ham
5198,spam
5202,ham
5203,spam
5204,ham
5208,spam
5209,ham
5210,ham
5211,ham
5212,ham
5214,ham
5215,ham
5216,ham
5217,ham
5218,ham
5219,ham
5220,ham
5221,spam
5222,spam
5223,ham
5224,ham
5225,ham
5227,ham
5229,ham
5230,ham
5231,ham
5233,ham
5234,ham
5235,ham
5236,ham
5237,ham
5238,ham
5239,ham
5242,ham
5243,ham
5245,ham
5246,spam
5247,ham
5248,ham
5249,spam
5250,ham
5251,ham
5252,spam
5253,ham
5257,ham
5259,ham
5262,spam
5263,ham
5264,ham
5269,ham
5270,ham
5275,ham
5277,ham
5278,spam
5279,ham
5282,ham
5284,ham
5286,spam
5288,spam
5290,spam
5291,ham
5292,ham
5295,spam
5297,ham
5298,spam
5299,ham
5300,ham
5303,ham
5304,spam
5307,spam
5312,ham
5314,ham
5316,ham
5317,spam
5318,ham
5320,ham
5321,spam
5325,ham
5326,ham
5328,ham
5331,ham
5332,ham
5334,ham
5339,ham
5340,ham
5341,ham
5342,ham
5343,ham
5344,spam
5345,ham
5346,ham
5347,ham
5348,ham
5349,ham
5351,ham
5354,ham
5356,ham
5357,ham
5358,spam
5360,spam
5364,ham
5367,ham
5369,ham
5371,spam
5372,ham
5373,ham
5374,ham
5376,spam
5377,spam
5379,spam
5380,ham
5381,ham
5383,ham
5384,spam
5385,spam
5386,spam
5388,ham
5389,spam
5390,ham
5392,ham
5393,ham
5395,ham
5396,spam
5397,ham
5398,spam
5399,spam
5401,ham
5402,ham
5403,ham
5405,ham
5407,spam
5409,ham
5410,ham
5412,ham
5413,ham
5414,ham
5415,ham
5416,ham
5417,spam
5419,spam
5420,ham
5421,ham
5425,spam
5426,ham
5427,ham
5428,ham
5429,ham
5431,ham
5432,ham
5435,ham
5436,spam
5437,ham
5438,ham
5439,ham
5440,ham
5441,ham
5442,ham
5444,ham
5445,ham
5448,ham
5451,ham
5452,spam
5453,spam
5454,spam
5457,ham
5459,ham
5460,spam
5461,ham
5463,ham
5470,ham
5472,spam
5473,ham
5474,spam
5477,ham
5478,ham
5479,ham
5482,ham
5483,ham
5485,ham
5486,ham
5487,spam
5489,ham
5490,ham
5491,ham
5492,spam
5493,spam
5495,ham
5497,spam
5498,ham
5499,ham
5500,ham
5501,spam
5502,ham
5503,spam
5504,ham
5505,ham
5506,ham
5507,ham
5508,ham
5509,ham
5510,ham
5511,ham
5512,spam
5513,ham
5515,ham
5517,ham
5518,ham
5519,ham
5520,ham
5521,ham
5523,ham
5524,spam
5525,ham
5526,spam
5527,ham
5531,ham
5532,spam
5533,ham
5534,ham
5537,ham
5538,ham
5539,ham
5540,ham
5542,ham
5544,ham
5546,ham
5548,ham
5549,ham
5552,ham
5553,ham
5555,ham
5556,ham
5557,ham
5558,ham
5560,ham
5565,ham
5566,ham
5567,ham
5568,ham
5571,spam
5573,spam
5574,ham
5575,ham
5576,ham
5577,ham
5578,ham
5580,spam
5581,ham
5582,spam
5583,spam
5586,ham
5587,ham
5588,ham
5589,ham
5591,ham
5592,ham
5593,ham
5594,ham
5595,ham
5596,spam
5598,ham
5599,spam
5601,ham
5602,ham
5603,ham
5604,ham
5605,ham
5606,ham
5607,ham
5610,spam
5612,ham
5614,spam
5615,ham
5617,ham
5619,spam
5620,ham
5625,spam
5626,spam
5627,ham
5629,ham
5630,ham
5631,ham
5632,ham
5633,ham
5634,ham
5635,ham
5637,ham
5640,ham
5641,spam
5642,ham
5643,spam
5644,ham
5645,ham
5646,ham
5647,ham
5648,spam
5649,ham
5651,ham
5652,spam
5653,ham
5654,ham
5657,ham
5658,spam
5659,spam
5660,ham
5661,ham
5662,ham
5663,ham
5665,ham
5666,ham
5667,ham
5668,spam
5669,ham
5670,ham
5671,ham
5672,ham
5674,ham
5675,ham
5676,ham
5678,ham
5679,spam
5681,ham
5684,spam
5686,spam
5687,ham
5688,ham
5689,ham
5690,spam
5691,ham
5692,ham
5693,spam
5694,spam
5695,ham
5696,ham
5697,ham
5699,ham
5701,ham
5702,ham
5703,spam
5704,ham
5705,spam
5706,ham
5707,ham
5708,spam
5709,spam
5710,ham
5711,ham
5712,ham
5714,ham
5716,ham
5718,ham
5719,ham
5720,ham
5721,ham
5722,ham
5724,spam
5725,ham
5728,ham
5729,spam
5731,ham
5733,ham
5734,ham
5735,spam
5736,ham
5737,ham
5738,ham
5741,ham
5744,spam
5746,ham
5748,spam
5750,ham
5752,ham
5753,ham
5754,ham
5755,ham
5757,ham
5759,ham
5760,ham
5761,spam
5762,spam
5764,ham
5765,spam
5766,ham
5767,ham
5768,ham
5769,ham
5770,ham
5772,ham
5773,ham
5775,spam
5778,ham
5780,ham
5781,ham
5783,ham
5784,ham
5785,ham
5787,ham
5788,spam
5790,ham
5791,ham
5793,ham
5794,ham
5795,ham
5796,spam
5797,ham
5798,ham
5800,ham
5802,spam
5803,ham
5805,ham
5806,ham
5807,ham
5808,ham
5810,ham
5811,ham
5813,ham
5814,spam
5815,ham
5816,ham
5819,ham
5820,spam
5821,ham
5823,ham
5824,spam
5825,ham
5826,ham
5827,ham
5830,ham
5832,ham
5833,ham
5835,ham
5836,ham
5837,ham
5838,ham
5839,ham
5840,ham
5842,ham
5845,ham
5846,ham
5848,ham
5849,ham
5851,spam
5853,ham
5854,spam
5855,spam
5856,ham
5857,spam
5858,spam
5859,spam
5860,ham
5861,spam
5862,ham
5863,ham
5865,ham
5868,ham
5871,ham
5873,ham
5874,ham
5876,ham
5878,ham
5881,spam
5882,ham
5884,ham
